userId,number_of_ratings,mean_rating,rating_std
53,20,5.0,0.0
251,23,4.869565217391305,0.5269421070570498
515,26,4.846153846153846,0.3396831102433789
25,26,4.8076923076923075,0.376215977250384
30,34,4.735294117647059,0.5537105429905546
523,75,4.693333333333333,0.44942405585591655
348,55,4.672727272727273,0.4326723786023175
171,82,4.634146341463414,0.5986032120530903
452,202,4.556930693069307,0.6050997904202925
43,114,4.552631578947368,0.6795639578430088
442,20,1.275,0.697269109115208
139,194,2.1443298969072164,0.8945973792243165
508,24,2.1458333333333335,1.0578810513666361
153,179,2.217877094972067,1.4319837605320351
567,385,2.2454545454545456,1.2210763539276364
311,28,2.3392857142857144,1.2623726296480988
298,939,2.363684771033014,1.0824494702981018
517,400,2.38625,1.3475814918560518
308,115,2.4260869565217393,1.4988935660002
3,39,2.4358974358974357,2.0906417019771424
